{"dataset": "cifar10", "depth": 8, "width": 512, "seed": 0, "threshold_quantile": 0.9, "threshold_value": 159.8933868408203, "fraction_kept": 0.8999999761581421, "cka_full": [[1.0, 0.6999528408050537, 0.3330055773258209, 0.14844940602779388, 0.11801401525735855, 0.1118142157793045, 0.11914309859275818, 0.12611670792102814], [0.6999528408050537, 1.0, 0.6508535742759705, 0.39155909419059753, 0.3412318527698517, 0.3261186480522156, 0.33229199051856995, 0.3398706316947937], [0.3330055773258209, 0.6508535742759705, 1.0, 0.8790903091430664, 0.8251906633377075, 0.7908474206924438, 0.7629168033599854, 0.7444851398468018], [0.14844940602779388, 0.39155909419059753, 0.8790903091430664, 1.0, 0.9840347766876221, 0.956824779510498, 0.9160065054893494, 0.8799242377281189], [0.11801401525735855, 0.3412318527698517, 0.8251906633377075, 0.9840347766876221, 1.0, 0.9900226593017578, 0.960727870464325, 0.9236577153205872], [0.1118142157793045, 0.3261186480522156, 0.7908474206924438, 0.956824779510498, 0.9900226593017578, 1.0, 0.9864137172698975, 0.9548711180686951], [0.11914309859275818, 0.33229199051856995, 0.7629168033599854, 0.9160065054893494, 0.960727870464325, 0.9864137172698975, 1.0, 0.9858719706535339], [0.12611670792102814, 0.3398706316947937, 0.7444851398468018, 0.8799242377281189, 0.9236577153205872, 0.9548711180686951, 0.9858719706535339, 1.0]], "cka_after_dropping_top_decile": [[1.0, 0.6925573348999023, 0.3336195647716522, 0.16812747716903687, 0.14281220734119415, 0.13872574269771576, 0.14879143238067627, 0.16060927510261536], [0.6925573348999023, 1.0, 0.6648927330970764, 0.42399194836616516, 0.37666112184524536, 0.3642449975013733, 0.374621719121933, 0.38927963376045227], [0.3336195647716522, 0.6648927330970764, 1.0, 0.8795598745346069, 0.8253361582756042, 0.7924190163612366, 0.767616868019104, 0.7546007037162781], [0.16812747716903687, 0.42399194836616516, 0.8795598745346069, 1.0, 0.9831033945083618, 0.9549525380134583, 0.9117000699043274, 0.8741713166236877], [0.14281220734119415, 0.37666112184524536, 0.8253361582756042, 0.9831033945083618, 1.0, 0.9895004630088806, 0.9564927220344543, 0.9151595830917358], [0.13872574269771576, 0.3642449975013733, 0.7924190163612366, 0.9549525380134583, 0.9895004630088806, 1.0, 0.9840769171714783, 0.9468516707420349], [0.14879143238067627, 0.374621719121933, 0.767616868019104, 0.9117000699043274, 0.9564927220344543, 0.9840769171714783, 1.0, 0.98289954662323], [0.16060927510261536, 0.38927963376045227, 0.7546007037162781, 0.8741713166236877, 0.9151595830917358, 0.9468516707420349, 0.98289954662323, 1.0]], "delta_mean_off_diag": -0.011359595693647861}