{
  "H1_adj_gt_far_cifar10": {
    "mean_adj": 0.8637461186283164,
    "mean_far_k3": 0.46035801100866447,
    "t": 14.256453447662626,
    "p_value": 6.604955199052167e-13,
    "n": 24
  },
  "H1_adj_gt_far_mnist": {
    "mean_adj": 0.9469936629876834,
    "mean_far_k3": 0.7584252516305225,
    "t": 14.168378572810834,
    "p_value": 1.5389337527224571e-12,
    "n": 23
  },
  "H2_width_vs_cka_cifar10_depth4": {
    "rho": -0.9486832980505139,
    "p_value": 9.584590571929132e-05,
    "n": 9
  },
  "H2_width_vs_cka_cifar10_depth8": {
    "rho": -0.9486832980505139,
    "p_value": 9.584590571929132e-05,
    "n": 9
  },
  "H2_width_vs_cka_cifar10_depth16": {
    "rho": 0.4879500364742666,
    "p_value": 0.3261642353450602,
    "n": 6
  },
  "H2_width_vs_cka_mnist_depth4": {
    "rho": -0.47434164902525694,
    "p_value": 0.1970220721577505,
    "n": 9
  },
  "H2_width_vs_cka_mnist_depth8": {
    "rho": -0.7937253933193772,
    "p_value": 0.01868753153700451,
    "n": 8
  },
  "H2_width_vs_cka_mnist_depth16": {
    "rho": 0.09759000729485333,
    "p_value": 0.8540797033781717,
    "n": 6
  },
  "H5_delta_vs_cka_cifar10": {
    "rho": -0.5402298850574713,
    "p_value": 0.0030014062932346886,
    "n": 28
  },
  "H5_delta_vs_cka_mnist": {
    "rho": -0.299407114624506,
    "p_value": 0.16516341275547836,
    "n": 23
  }
}